{
  "armorSetName": "armors.officer.title",
  "head": {
    "itemKey": "apocalypsenow:officer_helmet"
  },
  "fullSetBonuses": [
    {
      "type": "effect",
      "name": "minecraft:nausea",
      "interactionType": "immunity",
      "description": "armors.nausea",
      "onlyImmuneToNewEffects": true
    },
    {
      "type": "effect",
      "name": "minecraft:blindness",
      "interactionType": "immunity",
      "description": "armors.blindness",
      "onlyImmuneToNewEffects": true
    }
  ],
  "hideGeneratedTooltip": false
}